X,Y,station
302489.273,606286.927,0.0
302624.229105251,606267.6109462706,136.33143539259882
302726.5663295395,606227.2737113013,246.3314353928149
302847.7816696759,606142.7774570585,394.0906167164412
302886.0095170554,606110.5496478755,444.09061671655843
302952.0044635785,606043.6608360244,538.0557491723303
303088.555070285,605994.8865414826,683.0557491721767
303119.0268103862,605998.1285762036,713.6994717581953
303158.4447679216,605991.3297069028,753.6994717585496
303167.5461220095,605986.9601829804,763.7953811055487
303216.2822982078,605975.7894565237,813.7953811055561
303307.3764628296,605975.5130506885,904.8899650736839
303331.0990269232,605967.6238205091,929.8899650736751
303361.5170519121,605945.019800662,967.7871675756326
303403.3425487637,605928.4177582243,1012.7871675755003
303423.6824771953,605926.0343742236,1033.2662595450113
303454.7113251698,605900.7913436333,1073.2662595450593
303480.4205517557,605823.6155593042,1154.6116098636446
303579.5162128835,605810.1972902038,1254.6116098637115
303591.9953387311,605828.8053776254,1277.016732032772
303618.9437511651,605851.1388293802,1312.0167320327228
303654.8302828347,605866.4807793354,1351.04516504893
303681.2757003906,605880.6455204306,1381.0451650489313
303688.766023608,605885.5473523161,1389.99686308531
303710.6155144992,605897.6964159779,1414.9968630865867
303723.9275864088,605903.8896568684,1429.6790799237808
303755.0684726206,605928.9943418093,1469.6790799242704
303797.4657420101,605984.8498275413,1539.8029969429163
303824.6943251104,606006.8408316642,1574.802996942678
303827.6175588409,606008.2071994806,1578.0297997648079
303856.2295189314,606028.3654667618,1613.0297997647979
303865.018608001,606037.2409687309,1625.5207013286222
303887.2444443388,606057.390713125,1655.520701329655
303935.7728304951,606096.8428128862,1718.0624668828077
303978.8041396753,606164.2839459599,1798.062466882926
303988.7690479889,606203.6924131922,1838.7112883578943
304003.4378758798,606217.28746701,1858.7112883578766
304022.503549124,606220.5940884028,1878.0615762443563
304031.5399606385,606238.4362650341,1898.0615762444293
304025.032666856,606251.52230358,1912.6762701240266
304062.89015575,606365.3942076415,2032.6762701238333
304113.5657088367,606390.9709011846,2089.440510039869
304142.137139993,606400.1182134502,2119.440510039931
304217.2319192792,606411.6425987374,2195.4144353846727
304245.7657878449,606420.9064178562,2225.4144353845186
304260.160685536,606428.3197457879,2241.606115672842
304288.1568158274,606439.1001302295,2271.6061156729015
304326.5339660067,606449.2912517095,2311.3133519517396
304354.2034216912,606460.8844058152,2341.3133519516487
304427.3769405011,606504.1494137936,2426.3205561780865
304451.8507956917,606521.4996418064,2456.320556177863
304474.194015848,606540.2967227638,2485.5190105799766
304560.7897986233,606564.8154993542,2575.519010579739
304582.694001717,606561.5592610671,2597.6639242384895
304712.6936442583,606561.2544013344,2727.6639242397123
304817.6072978288,606576.3480822357,2833.657763252471
304869.3135824242,606545.9102746053,2893.6577632524854
304898.1059666838,606470.2938990117,2974.570294106888
304919.77022329,606425.2310541649,3024.5702941066975
304958.372104173,606359.7167825415,3100.6112369865423
304966.4023040567,606310.3658363518,3150.6112369864663
304956.294128265,606262.9052995075,3199.13625914387
304980.5248730571,606219.1689186923,3249.13625914385
305075.0366792833,606184.7652030532,3349.715069864167
305123.2686611978,606197.943819089,3399.7150698643363
305152.6803698518,606233.7076157278,3446.019473067179
305172.376511549,606237.1806550662,3466.019473067205
305217.7729265548,606210.369532837,3518.742056184567
305246.7119898264,606202.4619025368,3548.742056184615
305274.9818952272,606202.4619025368,3577.011961585427
305316.1861486799,606152.1905439177,3642.011961585429
305314.5769192782,606144.1527540202,3650.2092590488646
305328.384896953,606096.0971637882,3700.2092590490256
305346.7616165921,606076.6532120904,3726.963157499914
305408.1328464039,606042.9846488385,3796.963157500322
305427.8280606699,606039.1982118727,3817.019043665685
305467.5921961207,606043.5356687132,3857.019043665611
305537.0293187644,606073.4871661426,3932.640510189995
305587.0143478852,606072.2637022901,3982.6405101900623
305629.207317183,606051.5597267173,4029.639459781376
305635.317606102,606037.8606621752,4044.6394597814074
305628.3236841519,606013.121041107,4070.3486759274365
305627.7417983896,605998.1323317243,4085.348675927431
305631.6580303771,605978.6031731663,4105.266630314456
305626.8568878629,605964.3922959747,4120.266630314365
305614.5337460584,605953.5563657526,4136.676298431392
305597.2444856572,605929.039402752,4166.676298431324
305578.2898953918,605881.428774393,4217.921282818666
305601.6123950583,605733.252996989,4367.921282818686
305610.7597009745,605722.1950135536,4382.272317735391
305617.815234377,605708.9579652267,4397.272317735444
305630.3965415515,605666.5344904994,4441.52206912637
305648.1750760577,605642.3699770384,4471.522069126343
305655.9896769666,605637.1321349445,4480.929671220657
305677.0831520103,605615.7998750876,4510.929671221042
305682.6588082599,605607.2753391719,4521.115723213432
305698.3065567255,605594.8194984552,4541.115723213546
305727.1112190328,605584.2053585356,4571.8137449228725
305744.2695440748,605559.5965820168,4601.81374492289
305744.2695440748,605517.1711957108,4644.239131228905
305749.6917574223,605487.6652708411,4674.239131228922
305762.4778237734,605454.0512877213,4710.20277055972
305813.7531292875,605406.3979243102,4780.202770559389
305823.8039157769,605403.3954898668,4790.692428401368
305873.4964391558,605408.9320158773,4840.6924284016195
305906.406417883,605427.4358446592,4878.447671473491
305924.5399883996,605418.9993987058,4898.447671473636
305930.9532211166,605385.2311614291,4932.819511730717
305954.2271221485,605359.0906654362,4967.819511730627
306021.7812896047,605337.9286825059,5038.610719251404
306045.5594755837,605319.6366658987,5068.610719251524
306083.1224172547,605260.1102165419,5138.998024641117
306153.0751891638,605257.5392824255,5208.998024641067
306228.1052200468,605359.0745205408,5335.247421128441
306282.4460819259,605367.5639687115,5390.247421128465
306315.4088854523,605343.8091325253,5430.877935013409
306354.4877742613,605352.3437941741,5470.877935013439
306363.6740892806,605368.5265035062,5489.486225234767
306383.6207832851,605369.9857493008,5509.486225234744
306396.3337802595,605353.684697021,5530.158539993807
306449.6202254583,605326.1065397564,5590.158539994127
306467.7022207803,605325.2609364225,5608.260296810078
306504.905801958,605339.9542528469,5648.260296809975
306533.7841440449,605369.6297008079,5689.667915111116
306569.1027662903,605388.4072118971,5729.667915111352
306569.5307783159,605388.4843443711,5730.102821667536
306605.4206397065,605370.8231482231,5770.102821667708
306638.9784413586,605306.0316863921,5843.06897531387
306670.2032919845,605281.0315123252,5883.06897531374
306718.2180508921,605268.3936335803,5932.719081578738
306752.8436832324,605250.732746074,5971.588624442967
306814.9662860751,605199.8829592702,6051.868874828428
306854.9927450114,605169.9182703026,6101.868874827432
306884.491487193,605149.7676672691,6137.593132593103
306917.5056773604,605082.4247890443,6212.593132593171
306916.3693250369,605063.4715478587,6231.5804085442915
306918.9483868062,605043.6385339577,6251.580408544491
306923.0733440348,605031.1286882805,6264.752785361326
306926.245,605011.3817746371,6284.752785361286
306926.245,604924.3556432562,6371.778916742218
306958.4613495077,604886.1181377885,6421.778916742172
306990.1235596176,604880.666462405,6453.907040147261
307008.9820860488,604851.1816191657,6488.907040147298
307004.2162357652,604833.4255339697,6507.291595905189
307051.3892249027,604788.7074269451,6572.2915959054135
307076.7333091617,604796.9838310151,6598.952831271654
307105.9536339814,604790.1887874218,6628.95283127174
307129.8887135645,604766.8580796812,6662.377522120375
307189.7061442489,604771.535149952,6722.3775221203905
307256.0365550455,604860.2299964741,6833.131750915599
307295.4033344784,604853.1408020852,6873.1317509156
307324.7236012129,604753.3523572301,6977.138538040124
307399.2555438714,604744.9863830752,7052.13853804017
307413.3195845413,604770.1685711025,7080.981905281327
307433.2420077962,604792.5983961504,7110.981905281716
307438.5985325817,604796.4843293651,7117.599520768188
307457.6200071024,604819.6831118132,7147.599520768418
307466.7471181328,604839.5649777493,7169.476283528528
307486.1885363671,604844.2587243376,7189.476283528451
307498.4883587901,604834.5813468836,7205.126755279335
307546.4177704104,604820.3415610065,7255.126755280269
307553.3017570637,604820.9561873967,7262.038125465856
307583.2922416547,604820.2006518195,7292.038125466038
307592.9665892543,604818.8430292871,7301.807267722078
307622.3102421285,604825.0840256822,7331.807267722143
307636.7046953413,604834.0795566784,7348.781361547723
307655.1661324664,604869.5644173837,7388.7813615477335
307647.70496614,605010.7550494837,7530.168997484345
307663.3363369456,605042.0705447973,7565.168997484335
307695.6986954317,605063.8353360334,7604.169361384316
307677.3648763426,605151.9481675486,7694.169361384476
307593.3580626255,605167.3879709741,7779.583249486541
307582.6786321544,605195.4227665826,7809.583249486484
307612.6568285392,605233.9612217481,7858.408496900442
307600.4220140447,605277.2660634435,7903.408496900158
307594.6615173839,605279.4276841348,7909.561213844122
307573.2543506003,605307.1176319555,7944.5612138443375
307567.6991074137,605360.1150621645,7997.849001709994
307575.6064568718,605383.8315927824,8022.849001710042
307624.7792073823,605436.8184943444,8095.137113664262
307674.5512422844,605511.8034564487,8185.137113664761
307692.3673525773,605551.2849034736,8228.45222009593
307710.8940381588,605580.9793797506,8263.452220095956
307743.5759348988,605620.437994661,8314.687839201979
307743.8272808221,605635.4358886874,8329.687839201928
307731.5592950354,605651.3012064028,8349.743057512265
307734.0437404555,605666.094026653,8364.74305751223
307837.006741015,605733.5201250388,8487.818880595998
307867.198119896,605773.3758729463,8537.818880596047
307873.4698714293,605793.2574880386,8558.66626618689
307917.6444449208,605847.5585658991,8628.666266186681
307924.560593061,605851.4318904222,8636.593166460923
307950.9810482687,605893.8813844902,8686.593166460974
307955.1222919376,605971.688679583,8764.510591141148
307972.3149591748,605981.906908063,8784.510591141086
307978.2067611751,605979.096129122,8791.038516467454
308003.1925867535,605979.9378655202,8816.038516467414
308030.1346114902,605995.0961207801,8846.952031302095
308126.8695328511,606020.4408438854,8946.95203130203
308134.3623329043,606020.4408438854,8954.444831355238
308237.8904561376,606128.9854324185,9104.44483135534
308233.2842286146,606226.2958412804,9201.86419803801
308275.2395762403,606275.9420778509,9266.864198038116
308380.4526950361,606288.6528824591,9372.842332200407
308422.8673706576,606315.1291981377,9422.84233220033
308444.3985261963,606348.358354017,9462.43737556797
308484.360323929,606350.1061303101,9502.437375567953
308510.8511625327,606316.1386115011,9545.513550699554
308567.1078561335,606295.2775371012,9605.513550699652
308636.5611399954,606309.2291356322,9676.354257505656
308659.49923214,606319.1711640351,9701.354257505647
308666.0040587714,606323.8124379418,9709.345139370713
308694.8002824822,606332.225374409,9739.345139370735
308746.5519857806,606329.5707470495,9791.164883105195
308787.0038449456,606380.7088451337,9856.36808843719
308772.7508222868,606429.6208001793,9907.314413145641
308764.3483000088,606467.3618624412,9945.979515774321
308762.0340693122,606482.2138299044,9961.010703393637
308743.6663050461,606518.2727213687,10001.478201682583
308717.5282551413,606544.2920766571,10038.359152083158
308732.9299674589,606578.4245967824,10075.80566957708
308763.4261680044,606576.4507309054,10106.365682571397
308777.1768725476,606599.2695130028,10133.007354663145
308764.8404894555,606619.3561123644,10156.579749995592
308781.8233183027,606641.6059325644,10184.570301518943
308876.5875708379,606613.9594203033,10283.285007610539
308914.2198016957,606594.4780157936,10325.660825254698
308970.5916359085,606549.677643076,10397.666777009721
309117.0293345664,606552.4338773873,10544.130412140725
309224.895589446,606644.9902872338,10686.263511542078
309255.1967624697,606650.2249111227,10717.013509491188
309296.1903601493,606634.4649639891,10760.932195541325
309334.6390766377,606650.907083924,10802.749023584096
309353.5580379842,606696.2141673253,10851.8474849119
309346.3083900341,606720.4865327177,10877.179384113177
309334.953604365,606728.1674783075,10890.888070510635
309326.1979270219,606743.4950529169,10908.540164696435
309322.5192774024,606802.7979130106,10967.957011451463
309288.7854262332,606839.8396488325,11018.057539466658
309221.8772074163,606850.3189247479,11085.781427194426
309167.8525332215,606893.1380281298,11154.717201914733
309125.256238058,606998.0302368295,11267.928596250998
309117.9783998927,607031.9006563625,11302.57209849458
309107.307191227,607315.8846693191,11586.756535628863
309093.1385589296,607363.55996234,11636.49267647038
308934.2375228197,607628.5298477035,11945.456395094963
308923.6157544066,607643.085279065,11963.475344740793
308910.5111980225,607658.0076549952,11983.335020000655
308893.4742498575,607697.0517503453,12025.934303850087
308888.2510371697,607747.9499043237,12077.099761232881
308883.0361910756,607768.1925470548,12098.003330414422
308851.8980617401,607841.4311611758,12177.586479993184
308852.343670312,607865.90435554,12202.06373084757
308874.8490890272,607913.9057188896,12255.079056508705
308877.6182866515,607928.6608027887,12270.09174968324
308875.0535231986,607966.6677351933,12308.185120791302
308878.9690808424,607983.6257435194,12325.589305289603
308890.9953930912,608004.57082719,12349.741504284137
308894.7129363122,608015.5221957065,12361.306650196977
308901.9866315304,608069.7702081319,12416.040127103082
308912.5937508035,608094.4774999475,12442.9280658143
308952.4497326251,608143.9917097408,12506.490289331248
308979.1252482937,608161.10988057,12538.185950055084
309043.2366485702,608177.3445435484,12604.32093268487
309105.4564960631,608155.8490232993,12670.149245839752
309173.6480922774,608067.530993025,12781.729567876288
309184.0621475184,608035.9760411226,12814.95858435481
309182.4375123632,607954.5792260895,12896.371611180446
309177.0061815807,607928.907920575,12922.611185889054
309162.5898403299,607894.5264907569,12959.892731074277
309173.5198916403,607848.6260243542,13007.07661431451
309190.4833537656,607834.1567059607,13029.37280730906
309239.5926431624,607825.0555308867,13079.318314542294
309312.0248406603,607850.6549590912,13156.14118847165
309389.1216532766,607812.5021593194,13242.16185253576
309406.9576584287,607757.2033802936,13300.265880292263
309428.4428461825,607723.3388778493,13340.370964990028
309453.5177482163,607699.8818234224,13374.707303093997
309469.2118891137,607667.2135625109,13410.949837904474
309477.8205576576,607555.6102018057,13522.884726544218
309493.6706806857,607519.4025164178,13562.409691834002
309515.1709131487,607496.2432326821,13594.010521239417
309549.6166107306,607506.9483985683,13630.081377322358
309557.6507900159,607561.7281415932,13685.447145470704
309585.0787796741,607577.3093005262,13716.99183013208
309701.1093476691,607529.3507168835,13842.543088406368
309715.0077846219,607520.7076236466,13858.90981106038
309795.3116635552,607450.1681902789,13965.795378989671
309815.3625044937,607411.57935942,14009.28255053944
309833.4558978705,607245.2769062159,14176.566371710453
309848.5318326432,607211.6002176142,14213.463568954272
309884.9224889285,607171.2179090268,14267.82357917984
309886.8454715046,607153.8088699321,14285.338501508777
309882.3826413219,607145.8941647472,14294.424722472573
309889.2375694704,607124.8730306419,14316.535310863506
309907.3904293264,607116.6152663989,14336.478153971857
309916.1648816221,607102.3028012759,14353.266175623849
309915.2845978163,607082.2792553293,14373.309061939284
309967.8955546519,606989.7770113656,14479.726062073052
309989.7223600115,606978.0616283088,14504.498216447906
310010.2950793943,606957.344900479,14533.694442142025
310065.0474197754,606853.6062529305,14650.995447135141
310154.3041196941,606803.0938582806,14753.554018174556
310223.2307294914,606806.9019478166,14822.585743374364
310243.7139688188,606810.7527020345,14843.427801847314
310295.1892809374,606827.609108793,14897.592792445652
310310.0536614192,606830.9501803287,14912.828033372974
310342.0951414035,606835.0001537871,14945.12445305996
310416.5837475036,606884.9561306604,15034.813650091142
310422.4645127648,606895.3469234492,15046.753163265392
310436.7261534137,606911.2693404736,15068.1287979436
310457.7628415122,606926.4452502041,15094.068159583816
310520.9183413883,606992.6518265586,15185.566399551532
310564.0655556087,607058.8280252748,15264.566218358312
310574.3827278314,607070.2952378071,15279.991554851691
310613.98744155,607102.5367678063,15331.060621863133
310638.014447388,607094.5224937818,15356.388977468645
310648.4984316443,607052.345037327,15399.849899673265
310666.8410776977,607041.4490105793,15421.1847552652
310835.868052496,607085.534172285,15595.866235943848
310858.5679607149,607086.1258451951,15618.57385382817
310924.6433054771,607072.524159219,15686.03463537445
310942.288649259,607070.5021489401,15703.795454126688
311042.222585439,607067.9859978886,15803.76106129503
311070.7483281685,607058.1627450319,15833.930819248308
311148.7115537008,607000.3434250804,15930.994397871005
311175.2721613147,606984.6015260727,15961.869521533705
311256.1730805726,606947.3105988136,16050.951349044304
311276.4207249076,606939.6951475741,16072.58378299652
311369.7454244914,606912.091901573,16169.905099994412
311383.9402653845,606909.2589748038,16184.379870530058
311410.1788122708,606906.4567399153,16210.76763025072
311446.7306437365,606893.0206256913,16249.710736815767
311462.6785084567,606882.1539908544,16269.00887511488
311484.0068160317,606871.862594092,16292.690292963798
311543.7284409129,606853.3221724035,16355.22364178538
311593.345696524,606854.0330466,16404.8459895382
311603.0611498284,606857.3572070377,16415.114391338207
311655.9234253292,606856.9840713284,16467.977983737685
311732.0201665152,606829.7415022434,16548.80416507441
311769.3814694856,606825.7389183771,16586.379258384368
311839.7424779882,606834.9616077702,16657.342132601418
311877.2339091187,606850.199718513,16697.811966147183
311900.7768887247,606867.7930652316,16727.2024023041
311938.9528577624,606885.3093791489,16769.205091089632
311969.6166380589,606892.1208408622,16800.61629025083
312001.1681860458,606910.5161902446,16837.13873621586
312044.3731872793,606958.437180998,16901.660774980795
312030.2143886664,607029.2385166978,16973.863965457596
312021.2730153012,607033.4736740473,16983.757635930706
312019.4225304182,607059.5431641747,17009.89271981815
312029.4800931433,607066.1913836031,17021.948979169152
312044.6506150731,607066.9973838874,17037.14089715474
312069.873341464,607053.9327017012,17065.54638689204
312083.006416269,607049.312904632,17079.468318467625
312157.0184669068,607034.4196033865,17154.96397437973
312216.5086380431,607062.6650759563,17220.819021130228
312239.177382521,607105.6121693589,17269.381607634015
312242.5264569474,607122.2960402366,17286.39830081977
312241.0203923378,607139.0873253423,17303.256992527928
312255.9604173971,607155.4273444572,17325.39746617794
312272.5542823574,607155.4273444572,17341.991331138244
312286.2259482701,607164.2559952392,17358.265836459752
312344.5245307833,607293.4074522619,17499.965602070417
312353.8116978102,607318.2585063915,17526.495328091252
312378.265363699,607399.8263768661,17611.64988915026
312385.8489266414,607438.9446788038,17651.496494694406
312394.6414376361,607534.5539799673,17747.50923717455
312380.4668506469,607574.2262420373,17789.637698979674
312357.9020593738,607597.1265966899,17821.787287599374
312358.4505696808,607618.7117429705,17843.379401981972
312385.7961728218,607643.7795235947,17880.476243310655
312389.7215154864,607660.0593079069,17897.222577007557
312346.1617662993,607777.3388470743,18022.330298817877
312343.5163059504,607801.681592807,18046.8163709869
312349.1913666318,607842.2090594883,18087.73924807703
312346.4964230073,607866.6844574464,18112.362566828797
312308.5615999181,607967.9401656323,18220.491051711466
312332.3806990849,608024.8293107022,18282.165392501603
312348.4113800632,608031.974807843,18299.716485402565
312387.9673994702,608063.6718012161,18350.40551834088
312410.7492509978,608094.3334297604,18388.60431706564
312454.7727492741,608098.8529563755,18432.859198393107
312520.5019343625,608040.3639302227,18520.84381041525
312550.0067855129,608007.6044568261,18564.931442905865
312589.2378953579,607952.9680879879,18632.193711522817
312628.6591443916,607934.3061035805,18675.80912780419
312670.1773068463,607936.9578314739,18717.411885818972
312739.8049173705,607954.3032846681,18789.167505068064
312757.4474777042,607962.2776660312,18808.528566331628
312821.4858851027,607979.1874091387,18874.761919214438
312847.7631233045,607981.6068347914,18901.15030431099
312891.4491054294,607996.295114374,18947.239463462724
312986.1767454631,608055.2744028654,19058.82746576274
313010.0051252616,608053.2709187843,19082.739923442477
313075.7214811162,607995.0902688166,19170.5102342399
313116.8666970338,607975.8764647638,19215.920575122633
313174.7290477805,607967.18405337,19274.432194906844
313197.5140122313,607950.0823092444,19302.9212148472
313212.9634505256,607916.5879049196,19339.806988048826
313247.4559178698,607896.3526043516,19379.796957948427
313372.3684662847,607906.0551611402,19505.085761756825
313398.8110768498,607893.9849922175,19534.152936220802
313450.2401624047,607824.4527562794,19620.638094921986
313464.0247678747,607816.4780235129,19636.563285993358
313485.7525749852,607813.9682108104,19658.43556894767
313499.5815234633,607805.9332912433,19674.429309862815
313530.2178176607,607764.1874689216,19726.210543948713
313569.4858242935,607727.111796539,19780.215930972012
313634.2971543449,607685.048065113,19857.480838947828
313693.7775406094,607669.057100673,19919.073267816137
313703.387639068,607669.5420138981,19928.69559254667
313797.6352396051,607628.1810223655,20031.61955393353
313819.5944197323,607601.7520940624,20065.98077980088
313831.7190394211,607592.9938763079,20080.93781095131
313881.8369152176,607573.3455070015,20134.769584939793
313894.537,607554.7253233875,20157.30851551112
313894.537,607490.1930466132,20221.84079228541
313887.4068019342,607474.883957869,20238.7288923158
313863.9452575992,607455.1606788606,20269.37937024726
313857.5697316321,607434.4094072847,20291.08795388081
313871.2262517555,607386.1155120066,20341.275610361423
313945.1855027608,607372.2696844499,20416.51973139421
313968.5508545185,607403.2800530809,20455.347332728696
313989.8918818552,607410.5108636098,20477.88006600037
314022.8503345453,607401.3284872203,20512.09374221156
314045.4396650325,607410.4254538912,20536.446004005273
314064.3273933755,607442.4118108226,20573.592650040977
314089.821506417,607474.552863749,20614.616997482364
314138.7407297362,607521.3321921673,20682.303007687013
314194.2325168832,607502.0324112223,20741.055199010276
314198.5664009461,607470.9039546564,20772.483901803203
314206.2746700258,607446.1051669734,20798.453062027438
314226.8975836463,607404.9361333314,20844.498625301418
314234.2233390957,607355.6086990635,20894.367076895123
314228.7813199496,607323.8148814981,20926.623276419716
314259.4104624604,607285.3019903705,20975.830868861893
314292.9868184757,607283.3678299158,21009.462887236197
314309.6753713936,607277.1014541273,21027.289139338547
314351.0205886341,607244.9563353441,21079.660273088473
314362.3954941547,607232.5120400396,21096.51995758218
314370.7564962677,607219.4999939068,21111.98668641848
314400.192216949,607206.0124120434,21144.365329326294
314408.9355735049,607207.2477383009,21153.195522689166
314418.6222887209,607206.2206028362,21162.936542088555
314457.5962492825,607191.9215258539,21204.45079511568
314477.679445611,607207.5829536618,21229.91871799432
314471.770589746,607263.3929587714,21286.040649963663
314485.9087120096,607279.9520332589,21307.814245188623
314514.5574037365,607281.4409211741,21336.501599979325
314539.666479425,607289.7504298432,21362.949919703846
314595.2414585952,607326.740818418,21429.709691697793
314617.9176382322,607339.157612333,21455.562851931216
314674.8123672617,607364.2038230546,21517.72652993414
314699.906519386,607373.304463049,21544.419939591717
314727.5161355699,607381.2773694288,21573.15768727595
314795.5925794786,607448.7422267463,21669.00083616059
314797.952132122,607456.6449282253,21677.24827087351
314786.7975838812,607547.995517993,21769.277365171783
314785.2474380898,607550.6221258414,21772.327286607502
314791.9902489431,607571.9158875264,21794.663127422144
314839.5849141601,607593.4163918766,21846.88882841728
314877.0020203688,607622.7080153916,21894.40765674015
314878.2753187479,607624.3260810933,21896.46664323286
314883.0602493086,607629.5885603008,21903.579255121585
314901.0068883448,607646.7043298545,21928.379082139374
314931.9437772444,607752.4257404673,22038.5340082968
314920.9320971768,607797.4753732955,22084.90993433466
314918.3839204479,607829.1091450312,22116.64617101875
314921.51304759,607868.6480246901,22156.308677764457
314921.1256850283,607888.3409391289,22176.005401574457
314918.3626074382,607911.5862032654,22199.41430805347
314920.8968377214,607934.2229610643,22222.192480209662
314925.6789329367,607947.6866269994,22236.48019293983
314927.5995605211,607974.1881771092,22263.05124802881
314924.9753130428,607987.3642495822,22276.48611165444
314914.6202880694,608009.2791543824,22300.72429629363
314902.7323583422,608023.7938573855,22319.485945380726
314893.2273387144,608068.8179714031,22365.502423311955
314914.9763243524,608147.3642321381,22447.0041622611
314914.8525501172,608158.4667352586,22458.10735529736
314910.4174090016,608173.1988664262,22473.492613353574
314920.0095312165,608196.5321324391,22498.72057624025
314933.2708291623,608203.747752289,22513.817834038495
314942.457967972,608214.3450687272,22527.84304830413
314947.3401133722,608227.4747643356,22541.851054960254
314955.027897418,608237.1690749504,22554.223673188913
314967.3021586163,608245.3138549385,22568.95442093024
314976.0838208095,608264.5044885674,22590.058875672134
314968.5247117084,608323.8800342388,22649.913662900755
314961.7589948593,608343.3579939161,22670.533212790964
314930.0498022839,608396.0178703326,22732.003006006653
314929.3496169639,608415.3878734803,22751.385660144468
314946.8017571899,608449.7673317952,22789.94113125418
314951.0186391151,608461.51710369,22802.424689751264
314964.5720636408,608522.2945230992,22864.694987858966
314975.6331355408,608544.2092841337,22889.242982945696
314995.0817294373,608566.5888638906,22918.892492126186
315006.9607926381,608593.227889446,22948.060108159516
315009.8304295149,608616.3487758598,22971.358395743944
315024.183397355,608633.1157739375,22993.42964197876
315047.1216224935,608639.6699689265,23017.285870608946
315067.006245294,608642.7210026534,23037.403202209367
315120.0472633956,608644.110064974,23090.462405891547
315131.6535131079,608643.5699960255,23102.08121421483
315218.1996010441,608633.206267507,23189.245611797025
315234.199211369,608629.947795401,23205.57366039486
315255.5219422261,608623.7552895522,23227.777398366045
315274.6257024071,608620.1741486661,23247.213916137982
315308.7819012688,608617.161633456,23281.50270685116
315353.4268801382,608602.0773792921,23328.627104586638
315407.1690085925,608568.1070574566,23392.20539597923
315449.4309107356,608512.611211567,23461.961093121223
315457.0603788489,608487.4647105408,23488.239511976786
315472.9397247474,608473.5386942617,23509.3602968952
315550.1867837827,608460.7800713103,23587.65391470161
315562.3644508963,608455.8536819948,23600.79031025053
315592.4017315065,608435.0764188579,23637.3133562615
315611.7692377258,608425.2621732698,23659.025558213845
315631.1729972883,608418.5529243224,23679.55650818201
315731.5253062338,608290.5174941835,23842.233050072824
315738.8665409296,608210.6470379262,23922.440178868215
315753.4980664666,608163.2919572268,23972.00412955407
315779.8729848946,608115.8824426857,24026.256303622144
315786.9926484388,608099.9539124442,24043.703586638017
315814.9107789591,608019.2347444743,24129.114394440665
315841.9544516627,607989.8445717704,24169.053629346516
315884.4992417228,607971.0439089327,24215.56732716117
315904.4557623842,607969.5240844225,24235.581636628438
315919.4795052146,607973.5864270212,24251.14490993525
315927.3101379844,607974.6264340926,24259.04430385403
315993.6135891387,607974.6264340926,24325.34775500835
316017.957540523,607962.1584628114,24352.698774676213
316049.2646624471,607918.6872213291,24406.27007967414
316092.864092571,607924.2687807713,24450.225330929687
316105.8441158425,607957.7850822854,24486.1672767773
316092.2773798735,607980.770041061,24512.85743703847
316074.3399622575,607983.2041724984,24530.959258675706
316052.4110309472,607991.773955436,24554.503243215466
316029.1760524622,608008.0209183744,24582.85510435228
316022.9217173609,608022.4294278517,24598.562486467574
316025.7607454008,608042.3567134192,24618.690993374454
316051.5489681144,608050.5053591589,24645.73600877689
316055.9299575793,608045.8367578998,24652.138266691636
316085.6774234215,608030.503876297,24685.60480195121
316101.5209091251,608028.3572565609,24701.59304811928
316119.2111489091,608022.450269401,24720.243439024678
316124.5790993244,608019.4485484157,24726.39366020237
316146.8606725136,608031.4536844634,24751.70357516291
316147.5168460674,608040.4850856933,24760.758782057743
316154.1798411712,608053.9865321892,24775.81482938878
316188.7964071866,608084.7449979236,24822.12238662337
316197.2995991626,608097.5927316862,24837.529155804958
316212.9273043507,608143.9778807902,24886.47613964311
316232.4104667197,608175.2419852588,24923.314134215492
316288.0980106383,608230.4622758115,25001.73851203523
316315.2010008968,608248.1260314768,25034.08940607473
316388.6206785545,608276.940503303,25112.960965295944
316416.8063172671,608295.6986827042,25146.818010708797
316441.1956240533,608320.8323961915,25181.840030056235
316492.4967209203,608319.684288304,25233.153972522978
316496.0928339262,608315.6302866142,25238.57310146145
316527.0532973011,608316.9004001394,25269.559606278162
316570.8726088645,608375.3123874085,25342.580783498273
316584.4312287842,608403.6854082105,25374.026999225447
316607.1691017319,608493.4977363548,25466.672911994927
316631.8737503564,608515.8137680052,25499.964426413473
316722.9557897742,608529.2488786045,25592.032010835588
316748.2011262531,608554.1875002577,25627.51809069654
316754.2917557434,608592.2496035944,25666.06441967868
316759.0834289723,608604.3438070234,25679.073258555127
316803.6870023576,608670.1358164495,25758.55952946447
316815.5580631801,608697.643229631,25788.51916672843
316832.2820014943,608772.7646542671,25865.47966667545
316837.4079175919,608784.0339696477,25877.85999320536
316843.9308770684,608792.8923091533,25888.860864949373
316848.9442496979,608803.675213737,25900.75224570948
316864.6862131076,608869.2232908465,25968.164112800856
316882.8110412699,608903.836080845,26007.235261074173
316990.8322880813,609024.7665804473,26169.385732848867
317007.4212131243,609048.6171016769,26198.438095868147
317034.3225718764,609099.4952124539,26255.990378698167
317057.7128850806,609121.5870226409,26288.16420080758
317125.4688057908,609152.603222575,26362.681778932787
317140.2395212213,609192.4121280918,26405.14261963066
317133.4693583034,609207.1385392698,26421.350713044718
317144.554171705,609228.186782858,26445.13940040437
317198.4899157918,609237.4685414892,26499.867962723194
317227.1732824225,609233.9292392907,26528.76886550016
317325.1536944436,609190.6474444309,26635.883173163096
317350.9927194552,609183.1870390058,26662.77764959708
317367.6706734566,609180.7311807083,26679.63544867201
317409.5701470252,609203.0188020193,26727.093893115853
317417.7267865609,609220.0403405018,26745.968837905883
317428.4150912225,609232.2188621796,26762.172425372682
317513.4704229957,609287.5829209628,26863.65931353073
317530.4861201498,609306.2882687607,26888.946147770665
317563.5795864977,609369.4705430544,26960.270598696334
317581.1305228061,609384.161501461,26983.158578602994
317610.9472336317,609393.5663217289,27014.423365324277
317627.227798223,609394.0650502982,27030.71156699288
317676.6065175077,609381.7561647334,27081.601316275486
317691.8550885277,609378.9864922928,27097.09938078629
317732.0969740759,609374.3358893022,27137.609101356153
317750.3791948835,609378.0640077171,27156.267570333377
317772.6820325459,609390.7563035144,27181.92903834285
317782.8970790701,609394.3244112062,27192.74932336644
317852.8700157775,609405.2378614546,27263.568213980307
317874.1202191084,609411.6703598924,27285.770650282637
317910.3014542334,609428.4019405083,27325.633258891146
317919.4029614707,609433.3498138546,27335.992741727725
318006.6472242322,609488.3803361444,27439.142728486255
318055.5260698378,609500.4758112238,27489.49590182353
318105.886799598,609496.5618159779,27540.008498873824
318137.2879721576,609519.0857593718,27578.652536759713
318143.7218272153,609544.4145159554,27604.78566517894
318170.0398440244,609550.0080461325,27631.69153049875
318175.3185442387,609543.3121069206,27640.217976292948
318184.8420138272,609537.7692262455,27651.23705062712
318225.817559742,609531.5349086244,27692.684150395624
318253.0895534391,609541.6486459217,27721.77107739616
318259.5768965758,609549.2029635468,27731.728654197486
318274.7499005622,609556.173,27748.42600303284
318274.897237172,609556.173,27748.57333964262
318292.4502599643,609566.5870002684,27768.983141472552
318299.8161572132,609580.0747705497,27784.351172883296
318309.2144649918,609588.7507702444,27797.141839785578
318323.0560861944,609594.9316091328,27812.300772692623
318333.0496816842,609604.7889178529,27826.33781248087
318347.32520816,609635.614167245,27860.308191581564
318356.9007133724,609647.2678975295,27875.391285747475
318445.9692251758,609712.0551549116,27985.53023668656
318463.5991444754,609729.6824910945,28010.460881191164
318511.4885015775,609795.4997570474,28091.856845594644
318524.67722365,609824.2609334697,28123.49776307664
318532.3429865302,609856.8710058671,28156.996729363666
318534.8362130111,609865.3457791322,28165.830639040556
318548.9921357184,609905.1913538976,28208.116097251102
318562.2534297012,609928.8157907245,28235.208087460145
318570.1718324572,609938.5747815802,28247.775466054307
318586.3466413666,609943.4242729559,28264.661614515644
318592.6939773095,609941.415049756,28271.319365745538
318605.2250583004,609943.0297989009,28283.95405630772
318605.5202184732,609943.2160329642,28284.30305867722
318623.8130513556,609941.4455343768,28302.681371986946
318685.3660155592,609883.427299272,28387.267913510503
318707.0737315398,609867.1764758849,28414.3845909223
318760.2749632514,609836.0486061126,28476.023177312563
318780.6077466961,609826.1286281785,28498.64679428296
318826.9463003646,609807.7051683948,28548.513470796348
318882.682574683,609806.450030654,28604.263875688514
318895.7748853779,609810.9841337644,28618.119080138407
318910.3597388285,609818.3954799356,28634.478970182176
318960.8268104927,609853.4360631504,28695.918109127953
318983.1099983515,609864.2413985678,28720.682917518716
319019.9315550791,609875.4743992708,28759.17976602143
319056.3866916344,609898.8501843725,28802.485704533203
319117.6174530422,609967.7494155694,28894.661136195282
319137.321795256,609985.5080511114,28921.18716564548
319179.2369329566,610015.6064219557,28972.78940102291
319219.5012338729,610034.3927467185,29017.2206954714
319308.8718453251,610057.2458954019,29109.466956079017
319353.8648859024,610079.6081244968,29159.710791427035
319376.2946974777,610097.4574665887,29188.376022289878
319394.0551179734,610108.15704424,29209.11037779231
319455.1059284578,610134.8555461117,29275.743788803546
319463.5474558445,610137.9938791691,29284.749815618958
319561.7760779634,610168.3387884262,29387.5587438363
319591.0108774414,610181.8991370845,29419.785387413474
319645.5802636974,610216.7987059379,29484.560365781028
319661.7329424272,610225.4670002854,29502.891987559866
319728.7219935376,610255.0678755777,29576.129578909826
319742.958499061,610262.5359757132,29592.205978044905
319899.2353281981,610358.3819730822,29775.533287894847
319964.9678115716,610376.0509465887,29843.599079561594
320026.9840541026,610374.5027145476,29905.6346448457
320060.6612952992,610378.4541674084,29939.542911600623
320209.9558957776,610417.9392775539,30093.97073181194
320261.2750798476,610530.6138639553,30217.78196342813
320253.1159294003,610547.1876717375,30236.25526417339
320247.9862534825,610568.198580241,30257.883298091463
320247.1514744326,610607.0990586306,30296.792732358866
320227.3611294183,610663.1280612797,30356.214166990052
320184.4296571719,610718.717516702,30426.45161329471
320221.8814606209,610763.7393970244,30485.014462348914
320232.9742204275,610758.0409344597,30497.485300160733
320245.5692206948,610754.7464772156,30510.50403590064
320259.4790783263,610754.2299307783,30524.42348127579
320288.0322425087,610743.9545970866,30554.769249799614
320310.040703848,610727.0928242125,30582.494540690455
320355.9744712297,610720.2096283026,30628.941169974085
320438.1352376348,610750.7857462908,30716.606958783086
320462.5005160147,610770.216053851,30747.77109911152
320465.8013727904,610775.24669364,30753.787991344325
320482.8806505673,610791.275646012,30777.210823016107
320536.0474331195,610821.5237902501,30838.37990831904
320561.9627193025,610841.3767097736,30871.02558906785
320643.8954860117,610924.0924249035,30987.45096340732
320671.4172558453,610942.2288804651,31020.411224861287
320688.4419087955,610948.9337567172,31038.70860646713
320713.7824601768,610964.9503158038,31068.686493472047
320752.4659634978,611001.1419708722,31121.660537359403
320764.444959877,611010.3892640419,31136.79357357886
320849.3385736354,611063.9312605814,31237.16125289042
320898.636117102,611075.9907194308,31287.91239415429
320953.1906148475,611071.4602064,31342.654688338855
320985.4315420366,611115.5274155517,31397.25685229258
320967.7171781814,611158.5769641112,31443.808568887875
320978.70363245,611194.8769525753,31481.734698928925
321068.0166716298,611255.0191487956,31589.409685503033
321096.6735685722,611289.4223615024,31634.184664977252
321108.5522824031,611316.6862588084,31663.92393091616
321119.3767706088,611334.6485775303,31684.89568427118
321201.6654168995,611437.7086847696,31816.777476086896
321227.0870283332,611605.8359996753,31986.81586100426
321174.6430332699,611739.593939356,32130.48756679851
321168.7649844876,611753.0999121479,32145.217222549418
321113.9463844087,611867.362045524,32271.94888409565
321085.1447099511,612017.8473452432,32425.16559951259
321094.5302049792,612153.4240070236,32561.066735403456
321103.7544707224,612179.0752554031,32588.326112174174
321135.8912024984,612223.9676604591,32643.53569069963
321143.8975425158,612241.5853650348,32662.88730548986
321173.1188750433,612365.3807753235,32790.084749973765
321174.810523088,612392.2142518482,32816.97149643941
321146.1769948352,612661.6261229658,33087.900703501546
321153.2442720364,612693.001577104,33120.06225709297
321170.097271278,612720.5521568367,33152.35866598075
321202.5688167312,612743.4134899265,33192.070651762915
321365.4934231343,612777.2986115208,33358.4816755476
321504.5902799337,612744.9636647472,33501.28743297467
321772.6321534895,612536.1303556528,33841.078246515346
321786.894598532,612523.8996334209,33859.86675111002
322099.1497904706,612229.5742368294,34288.97133506517
322191.4688620838,612226.3183702294,34381.34780204047
322263.4152133768,612285.1370508536,34474.27742409254
322376.4009228057,612323.4372652556,34593.57820765407
322511.9691053331,612319.1397773405,34729.214487889694
322590.808002988,612338.6374060381,34810.42858339209
322863.7488310835,612493.6756221948,35124.32911558419
322934.127756393,612479.8752258744,35196.04831849612
322981.0538321919,612420.2723337557,35271.90714355155
323002.8980810269,612396.7008798583,35304.04411052111
323067.7517044201,612337.1281436693,35392.10603966343
323100.3499915614,612286.8962138004,35451.98838349617
323108.691478095,612262.0141667571,35478.231414240654
323114.9413020892,612248.9025814957,35492.75635720183
323165.8263455657,612168.8369716102,35587.62357775743
323181.2940900808,612150.9958286925,35611.23623328353
323208.9458176534,612127.3046226662,35647.649023354155
323229.1265402594,612114.6783074483,35671.45417827665
323266.7993072153,612098.3162499678,35712.52672744406
323279.1201236146,612090.6731599635,35727.02567021792
323307.2601451933,612066.9353704287,35763.84065991566
323319.6313612092,612059.2704237362,35778.39395485224
323373.5607094353,612035.9181940715,35837.16215399434
323398.7561492873,612028.1635945191,35863.523944592685
323482.4457409863,612012.1973303345,35948.72294312417
323557.5441978888,611958.3598850792,36041.125587787334
323576.9444919966,611924.1093762784,36080.48887988271
323635.6183361578,611884.2884592675,36151.399566103064
323764.8021267894,611866.4630333328,36281.80737864395
323790.7309935656,611864.5907755931,36307.80375303233
323848.6315747339,611864.1828252797,36365.70577133122
323888.3262831306,611867.8765300876,36405.57196415057
323962.5526139528,611882.353252156,36481.196852045825
323995.2085980073,611904.654568098,36520.74128259313
324018.0413428877,611940.665866211,36563.3810273222
324028.2868425566,611952.3256759644,36578.90267114459
324073.6771569621,611990.096253254,36637.95262584924
324100.8140407317,612022.2861274718,36680.05486406629
324159.9435441743,612124.5847394184,36798.212826910756
324189.5974348023,612144.2567660615,36833.79852434139
324279.0273619892,612155.4717937185,36923.92892277613
324303.8315228362,612168.4575933504,36951.92673317986
324364.6698887372,612236.3087591743,37043.05898580848
324411.5311717279,612256.2138131915,37093.97255000275
324442.428527259,612255.0857340985,37124.89049206318
324495.2172382951,612282.8016084549,37184.51278407046
324525.3032051882,612330.0143532451,37240.496787808304
324533.485814153,612341.3411541564,37254.4700303938
324553.8202795533,612366.2892032076,37286.65536299389
324569.9704375974,612399.7786948791,37323.83564886248
324601.7642523743,612545.4951876419,37472.98035349913
324610.714834925,612566.362781891,37495.686507240825
324645.7156226834,612618.014570645,37558.080116089805
324655.5134869026,612635.4427057346,37578.07356591613
324712.6442902124,612760.4260428213,37715.495410017196
